{"S4_Cheese_C1.txt": [[0, 19, 120.2945868853264], [20, 72, 121.94065598823498], [73, 82, 121.76248580513764], [83, 107, 120.46894728933955], [108, 108, 121.37859877865463], [109, 236, 106.10751815029406], [237, 258, 184.5280345041043], [259, 282, 121.22504989991832], [283, 298, 108.74378764797149], [299, 322, 117.613281139273], [323, 325, 121.47900760044507], [326, 433, 121.12476967507608], [434, 434, 121.37859877865463], [435, 450, 121.37859877865463], [451, 477, 192.428217985034], [478, 504, 202.421516987975], [505, 519, 121.37859877865463], [520, 554, 116.96892630252258], [555, 556, 121.55676896175197], [557, 605, 121.30083741734774], [606, 610, 121.37859877865463], [611, 626, 121.55676896175197], [627, 652, 197.0937521300007], [653, 655, 120.2945868853264], [656, 683, 121.47821942309497], [684, 685, 121.55676896175197], [686, 739, 128.42439791023546], [740, 804, 121.50669752076828]], "S4_CofHoney_C1.txt": [[0, 17, 46.2722313022545], [18, 58, 64.46331058783656], [59, 72, 66.88730671421797], [73, 121, 88.86245849654605], [122, 128, 90.563480720745], [129, 141, 65.17330860629681], [142, 174, 87.91077993473782], [175, 190, 46.2722313022545], [191, 216, 88.56982725661922], [217, 218, 90.563480720745], [219, 227, 66.77740073618848], [228, 231, 90.563480720745], [232, 254, 88.56982725661922], [255, 262, 90.563480720745], [263, 271, 66.57257019050063], [272, 315, 89.10943920112987], [316, 330, 88.56982725661922], [331, 334, 90.563480720745], [335, 365, 73.92445450875242], [366, 369, 91.6675110867327], [370, 391, 90.26029082949279], [392, 412, 46.2722313022545], [413, 523, 62.412097012804544], [524, 539, 67.24218787018236], [540, 549, 91.6675110867327], [550, 565, 87.85982923815897], [566, 568, 90.563480720745], [569, 585, 73.78090815055727], [586, 588, 91.97428893741395], [589, 629, 91.97521783468014], [630, 643, 90.30665050240499], [644, 725, 46.2722313022545], [726, 740, 71.16234165279872], [741, 756, 84.41317757694867], [757, 771, 56.685694924819146], [772, 779, 90.563480720745], [780, 869, 46.2722313022545], [870, 870, 90.563480720745]], "S4_Coffee_C1.txt": [[0, 13, 42.903556817602365], [14, 49, 43.812404186349994], [50, 76, 43.74469482709718], [77, 99, 43.812404186349994], [100, 112, 42.903556817602365], [113, 131, 58.12025161084656], [132, 176, 43.68714394002738], [177, 195, 42.903556817602365], [196, 242, 42.903556817602365], [243, 250, 42.903556817602365], [251, 254, 42.903556817602365], [255, 276, 42.903556817602365], [277, 283, 42.903556817602365], [284, 309, 44.20948196109106], [310, 358, 42.54521479924955], [359, 376, 47.240415141171425], [377, 379, 43.812404186349994], [380, 419, 42.11980834124617], [420, 466, 63.206816169084284], [467, 494, 42.903556817602365], [495, 518, 42.903556817602365], [519, 524, 42.903556817602365], [525, 537, 42.903556817602365], [538, 587, 47.66544839313653], [588, 615, 43.20329673491349], [616, 619, 50.06399568831705], [620, 646, 47.91456580308254], [647, 658, 43.45880980686847], [659, 682, 44.2349981332807], [683, 697, 42.59848204441282], [698, 834, 42.903556817602365], [835, 850, 43.282553858791175], [851, 863, 42.878877187075815], [864, 882, 43.4169910802959], [883, 891, 43.13807749766408], [892, 962, 42.903556817602365], [963, 963, 42.903556817602365]], "S4_Hotdog_C1.txt": [[0, 21, 60.55374303987543], [22, 53, 59.699382595584154], [54, 72, 62.469824205486155], [73, 127, 60.55374303987543], [128, 148, 59.84423995017703], [149, 169, 65.32870247634294], [170, 196, 60.61050736504035], [197, 225, 51.27618922491447], [226, 281, 59.15508813037493], [282, 288, 57.31814164150728], [289, 340, 60.52614388552449], [341, 345, 60.55374303987543], [346, 351, 62.76035349912498], [352, 381, 61.602728130360454], [382, 382, 60.55374303987543], [383, 395, 61.69941083958148], [396, 416, 66.01386412124086], [417, 453, 60.93816666591563], [454, 456, 60.55374303987543], [457, 510, 60.55374303987543], [511, 511, 60.55374303987543], [512, 526, 59.699382595584154], [527, 551, 62.229584774254235], [552, 557, 60.619082522209204], [558, 643, 32.52282675834151], [644, 654, 60.55374303987543]], "S4_Pealate_C1.txt": [[0, 14, 126.58141031558657], [15, 59, 126.58141031558657], [60, 82, 126.58141031558657], [83, 103, 126.49594953059349], [104, 120, 132.29005966833628], [121, 148, 133.33650371142292], [149, 175, 126.73783630925095], [176, 199, 126.49594953059349], [200, 270, 127.07367973991128], [271, 272, 126.58141031558657], [273, 299, 126.73783630925095], [300, 333, 126.58141031558657], [334, 356, 127.07367973991128], [357, 358, 126.58141031558657], [359, 434, 126.58141031558657], [435, 464, 126.4218837705308], [465, 490, 126.73783630925095], [491, 504, 122.98435263962307], [505, 519, 127.3678507596872], [520, 521, 126.73783630925095], [522, 568, 121.02982010347394], [569, 587, 126.58141031558657], [588, 793, 127.40286079247716], [794, 806, 126.24982806425953], [807, 843, 127.40687610141019], [844, 853, 120.98916226301532], [854, 855, 126.73783630925095], [856, 873, 128.3237206964943], [874, 879, 126.73783630925095], [880, 902, 126.54622244774734], [903, 930, 128.92588126370217], [931, 1039, 127.45595887353176], [1040, 1061, 126.26514411780398], [1062, 1086, 131.88664306929928], [1087, 1088, 126.58141031558657], [1089, 1119, 127.13136283947516], [1120, 1121, 126.73783630925095], [1122, 1239, 119.83099238733541], [1240, 1243, 126.73783630925095]], "S4_Peanut_C1.txt": [[0, 10, 100.07240278102428], [11, 78, 98.90245397544494], [79, 90, 99.43371691040966], [91, 113, 102.90973406044658], [114, 117, 99.49505053363194], [118, 163, 99.67208801645666], [164, 176, 100.13373640424656], [177, 202, 97.15269876676231], [203, 216, 100.07240278102428], [217, 246, 100.00278823384947], [247, 259, 100.07240278102428], [260, 299, 100.5097015970646], [300, 306, 100.07240278102428], [307, 341, 98.95302463312275], [342, 360, 100.49495681055696], [361, 459, 99.5802342043168], [460, 481, 100.49495681055696], [482, 523, 99.54113984605956], [524, 536, 98.63030904063628], [537, 540, 100.49495681055696], [541, 562, 99.82877408714891], [563, 594, 94.03198783999514], [595, 613, 100.67385566007344], [614, 725, 99.46652733570029], [726, 765, 97.18810672266545], [766, 770, 100.03330842276705], [771, 811, 100.07240278102428], [812, 812, 100.49495681055696], [813, 932, 80.32705600201274], [933, 933, 100.49495681055696]], "S4_Tea_C1.txt": [[0, 17, 46.91562595972052], [18, 54, 46.87779522500842], [55, 64, 46.638575339699265], [65, 88, 48.98133397827987], [89, 91, 46.5105549402874], [92, 110, 47.2852025046243], [111, 127, 42.84691313065553], [128, 230, 57.155815872424], [231, 245, 46.6252793879355], [246, 255, 47.97011115026998], [256, 271, 46.32371128010073], [272, 275, 46.351287355922516], [276, 303, 61.7868776953056], [304, 379, 140.25647472324314], [380, 467, 46.74848131772875], [468, 504, 47.41745617442316], [505, 677, 46.49666954592984], [678, 705, 47.186265557965406], [706, 743, 61.86561507739357], [744, 751, 46.638575339699265], [752, 786, 46.351287355922516], [787, 806, 46.638575339699265], [807, 841, 46.55276691324884], [842, 860, 46.638575339699265], [861, 885, 46.6378450773613], [886, 892, 46.638575339699265], [893, 894, 46.638575339699265], [895, 915, 47.271343722077866], [916, 922, 47.27207398441583], [923, 929, 47.186265557965406], [930, 974, 47.35749925789967], [975, 987, 66.07190403635602], [988, 1015, 75.36867660159972], [1016, 1035, 82.21580423693325], [1036, 1049, 46.870968906696206], [1050, 1126, 46.638575339699265], [1127, 1150, 47.186265557965406]]}