{"S4_Cheese_C1.txt": [[0, 20, 13107.294586885328], [21, 68, 13108.479007600446], [69, 83, 11135.475536431695], [84, 109, 13108.479007600446], [110, 232, 13089.75426262271], [233, 259, 11190.257776399669], [260, 282, 13108.225049899918], [283, 303, 13095.743787647974], [304, 331, 13109.20910693164], [332, 438, 13107.903093401777], [439, 458, 13188.646909503423], [459, 480, 13178.016679480652], [481, 503, 13108.556768961753], [504, 515, 13108.762485805137], [516, 551, 13103.742360043932], [552, 615, 13108.625865729107], [616, 634, 13188.109451153283], [635, 651, 13184.637933698908], [652, 687, 13109.784481264804], [688, 717, 13174.998126406099], [718, 804, 13109.122495592957]], "S4_CofHoney_C1.txt": [[0, 17, 24022.27223130225], [18, 53, 22048.22667863821], [54, 70, 24022.38213728028], [71, 144, 22067.499454910867], [145, 170, 22068.563480720746], [171, 188, 24022.27223130225], [189, 220, 22066.45992127859], [221, 229, 22044.777400736188], [230, 249, 20068.569827256622], [250, 263, 24042.887306714216], [264, 279, 22048.84760512908], [280, 316, 22066.644652067138], [317, 338, 22065.192301385323], [339, 363, 22052.608936454337], [364, 367, 20077.90431092908], [368, 395, 22068.260290829494], [396, 412, 23023.27223130225], [413, 529, 24039.67971690607], [530, 535, 23043.07936357033], [536, 549, 22068.720543016156], [550, 571, 22067.953512978816], [572, 590, 25997.973856676294], [591, 632, 20072.87047910239], [633, 647, 24042.887306714216], [648, 727, 23043.887306714216], [728, 732, 22068.563480720746], [733, 758, 22064.07120553856], [759, 762, 22048.05831128681], [763, 787, 24022.27223130225], [788, 870, 24042.887306714216]], "S4_Coffee_C1.txt": [[0, 13, 25017.903556817604], [14, 50, 25018.812404186352], [51, 75, 23020.744694827103], [76, 100, 25018.812404186352], [101, 120, 23030.161179179497], [121, 173, 27028.839210362952], [174, 204, 25017.49988014589], [205, 240, 25017.903556817604], [241, 252, 23019.903556817608], [253, 278, 25017.903556817604], [279, 291, 24018.077326116356], [292, 314, 24020.653542195847], [315, 360, 25017.945789922065], [361, 382, 25019.83534499557], [383, 419, 25016.953463435013], [420, 486, 25040.922045393785], [487, 513, 25017.903556817604], [514, 530, 25017.903556817604], [531, 549, 24019.744694827103], [550, 590, 25018.877743668687], [591, 616, 23025.565588021098], [617, 620, 23026.474435389846], [621, 646, 25017.77829657128], [647, 678, 27016.63000003619], [679, 688, 25017.554237342614], [689, 839, 25017.903556817604], [840, 849, 25017.903556817604], [850, 862, 25020.082142716157], [863, 881, 25017.903556817604], [882, 896, 23028.913940334092], [897, 963, 25017.49988014589]], "S4_Hotdog_C1.txt": [[0, 22, 15045.553743039874], [23, 55, 15044.699382595583], [56, 77, 15017.396900925023], [78, 126, 15044.699382595583], [127, 131, 13060.53508753145], [132, 143, 13046.795748957498], [144, 167, 15023.04119262546], [168, 201, 15044.699382595583], [202, 287, 17043.889675673236], [288, 346, 14046.526143885523], [347, 362, 17044.127284768067], [363, 380, 15046.18724168459], [381, 395, 15046.393891831796], [396, 405, 13054.10229950615], [406, 428, 15044.909579432513], [429, 452, 14046.553743039874], [453, 512, 16044.553743039874], [513, 535, 15044.94237659226], [536, 561, 15045.824336190903], [562, 654, 18015.691274425964]], "S4_Pealate_C1.txt": [[0, 16, 28098.581410315586], [17, 61, 28098.581410315586], [62, 82, 28098.581410315586], [83, 107, 28098.73783630925], [108, 130, 28087.778338063625], [131, 145, 28098.581410315586], [146, 180, 28098.73783630925], [181, 194, 26100.495949530592], [195, 234, 28099.073679739908], [235, 270, 28098.581410315586], [271, 277, 28098.581410315586], [278, 331, 28098.376579769894], [332, 338, 25101.581410315586], [339, 356, 25102.073679739908], [357, 441, 28098.581410315586], [442, 455, 28098.581410315586], [456, 492, 28095.662525160908], [493, 507, 28096.392555849627], [508, 521, 28099.367850759685], [522, 565, 28092.83410569899], [566, 587, 28098.581410315586], [588, 624, 28098.581410315586], [625, 668, 28100.52612765171], [669, 785, 28098.581410315586], [786, 805, 27100.23010573357], [806, 847, 28092.322683329534], [848, 862, 28096.628755809175], [863, 877, 28105.259983098436], [878, 921, 28097.078949662508], [922, 938, 28098.191109699008], [939, 1031, 28098.581410315586], [1032, 1042, 27100.097125924647], [1043, 1060, 28098.73783630925], [1061, 1084, 28099.071160303683], [1085, 1089, 26105.674230589586], [1090, 1122, 28098.265144117806], [1123, 1187, 28098.73783630925], [1188, 1243, 28098.581410315586]], "S4_Peanut_C1.txt": [[0, 13, 20080.494956810562], [14, 76, 20078.902453975446], [77, 92, 20080.494956810562], [93, 110, 20085.729876432368], [111, 164, 20079.85098686598], [165, 176, 20080.494956810562], [177, 202, 18079.152698766764], [203, 211, 20080.07240278103], [212, 248, 20080.38235777883], [249, 260, 20080.07240278103], [261, 303, 18082.971349984855], [304, 308, 20080.494956810562], [309, 338, 16082.953024633123], [339, 349, 19081.494956810562], [350, 459, 20080.07240278103], [460, 482, 20080.494956810562], [483, 528, 20078.13814046393], [529, 544, 20080.494956810562], [545, 561, 20081.94667148005], [562, 605, 20075.570841051904], [606, 624, 20080.494956810562], [625, 720, 20080.494956810562], [721, 729, 20080.494956810562], [730, 747, 20080.591135588034], [748, 768, 20080.494956810562], [769, 812, 20079.205486078754], [813, 883, 20078.803727717168], [884, 933, 20080.494956810562]], "S4_Tea_C1.txt": [[0, 16, 31015.6385753397], [17, 51, 31015.87779522501], [52, 64, 31014.821277603616], [65, 89, 31017.98133397828], [90, 111, 30016.74848131773], [112, 124, 30013.129249420566], [125, 229, 29028.155815872422], [230, 243, 30015.99178074322], [244, 259, 31017.546772565674], [260, 277, 31051.374803355786], [278, 303, 31031.663198755425], [304, 308, 31015.55276691325], [309, 349, 30037.686759336542], [350, 373, 29007.76890197794], [374, 377, 30016.441076507526], [378, 467, 32014.643921122242], [468, 496, 30017.417456174426], [497, 669, 31016.130168190648], [670, 692, 30016.6385753397], [693, 709, 30017.186265557964], [710, 740, 30034.229661148198], [741, 752, 29018.186265557964], [753, 792, 31015.6385753397], [793, 808, 31015.6385753397], [809, 827, 30016.74848131773], [828, 860, 30038.74109857715], [861, 883, 31015.637845077363], [884, 892, 31015.6385753397], [893, 911, 30017.381249700105], [912, 933, 32015.186265557964], [934, 973, 29018.35676899556], [974, 989, 30042.450382746203], [990, 1014, 31045.045286444427], [1015, 1036, 31051.215804236934], [1037, 1051, 31015.6385753397], [1052, 1127, 31015.6385753397], [1128, 1150, 31016.186265557964]]}