{"S3_Cheese_C1.txt": [[0, 18, 55.99270936299394], [19, 65, 55.99270936299394], [66, 83, 55.99270936299394], [84, 119, 55.99270936299394], [120, 122, 55.99270936299394], [123, 246, 77.95919838393561], [247, 250, 55.99270936299394], [251, 275, 56.95744933649203], [276, 314, 56.94296311415545], [315, 344, 60.7175284208485], [345, 374, 61.08749012493357], [375, 391, 54.63415551185177], [392, 501, 55.015345366143855], [502, 510, 53.2425422001868], [511, 531, 55.701944982979306], [532, 552, 56.51248111052058], [553, 570, 65.58644563723904], [571, 571, 67.31384873566684], [572, 595, 56.80324549053522], [596, 622, 66.81274974132808], [623, 720, 54.594232348041615], [721, 739, 55.99270936299394], [740, 755, 55.99270936299394], [756, 760, 55.99270936299394], [761, 805, 66.88463864048306], [806, 810, 55.99270936299394], [811, 835, 56.08522724810862], [836, 912, 57.805812748991755]], "S3_CofHoney_C1.txt": [[0, 19, 51.39138004033038], [20, 52, 50.7536791406957], [53, 59, 82.48287537831753], [60, 112, 49.93632524898022], [113, 143, 51.856741103835866], [144, 184, 44.03524836537079], [185, 219, 50.7536791406957], [220, 228, 51.39138004033038], [229, 234, 50.404978357752405], [235, 262, 51.39138004033038], [263, 279, 50.404978357752405], [280, 297, 50.314558163242246], [298, 342, 44.80529317799869], [343, 353, 50.404978357752405], [354, 354, 50.404978357752405], [355, 383, 50.44316371000398], [384, 388, 50.404978357752405], [389, 416, 50.10670306716059], [417, 433, 43.055869890929955], [434, 548, 50.404978357752405], [549, 552, 50.404978357752405], [553, 566, 52.31256075749873], [567, 585, 49.51745177814338], [586, 591, 50.404978357752405], [592, 614, 42.56343266437844], [615, 621, 58.622543325723285], [622, 646, 49.842753930889415], [647, 657, 50.404978357752405], [658, 736, 49.54947740443795], [737, 756, 51.22171731673968], [757, 775, 50.42325743858781], [776, 797, 50.05613521976868], [798, 891, 50.7536791406957]], "S3_Coffee_C1.txt": [[0, 19, 65.42091747226809], [20, 100, 64.57178621808123], [101, 115, 64.00270664748051], [116, 139, 52.53142126663102], [140, 143, 65.08999318850195], [144, 169, 64.27606368120318], [170, 179, 63.20913397150523], [180, 228, 61.54275662415302], [229, 230, 64.64573078343557], [231, 266, 64.64573078343557], [267, 275, 65.05461859882124], [276, 280, 65.05461859882124], [281, 305, 65.42091747226809], [306, 320, 64.22317675390289], [321, 342, 64.63206456928856], [343, 392, 65.96379247752651], [393, 419, 68.99317590205644], [420, 439, 65.17393982572487], [440, 473, 49.69559750059593], [474, 496, 63.87533257573939], [497, 545, 77.35430143631564], [546, 570, 64.16262055951614], [571, 601, 64.64573078343557], [602, 612, 64.56796942212867], [613, 616, 65.42091747226809], [617, 638, 64.22317675390289], [639, 647, 64.64573078343557], [648, 676, 64.72524580636498], [677, 710, 65.04503386341587], [711, 736, 65.75090452558518], [737, 741, 65.15280692222572], [742, 762, 64.97685723751434], [763, 768, 64.67381906703648], [769, 794, 63.35771402289216], [795, 806, 64.11318434812576], [807, 1013, 64.26732929482787], [1014, 1020, 64.49051306574107], [1021, 1036, 66.80508158228997], [1037, 1058, 65.05461859882124], [1059, 1082, 89.46731031607983], [1083, 1088, 65.05461859882124], [1089, 1189, 64.07760191466802]], "S3_Hotdog_C1.txt": [[0, 19, 26.690174460350608], [20, 57, 26.690174460350608], [58, 75, 26.690174460350608], [76, 148, 26.690174460350608], [149, 181, 26.690174460350608], [182, 210, 35.33380412797697], [211, 240, 35.004653248057345], [241, 245, 26.690174460350608], [246, 474, 27.917851583705747], [475, 475, 26.690174460350608], [476, 491, 26.65325357261922], [492, 507, 26.800725644480497], [508, 532, 35.6284305096202], [533, 565, 36.147808168471784], [566, 578, 26.690174460350608], [579, 710, 84.45333882506762], [711, 737, 28.405986508530386], [738, 759, 26.690174460350608], [760, 772, 51.894411551591475], [773, 831, 26.297960138385303], [832, 861, 26.341819948016504]], "S3_Pealate_C1.txt": [[0, 16, 99.83269619100906], [17, 76, 99.84954191861874], [77, 82, 99.83269619100906], [83, 107, 99.88814085909323], [108, 136, 97.58673881329835], [137, 140, 99.83269619100906], [141, 184, 96.46149081801212], [185, 200, 99.83269619100906], [201, 252, 99.83269619100906], [253, 277, 100.48822778923335], [278, 368, 90.84717236752762], [369, 382, 101.26014781186862], [383, 414, 99.2639038539935], [415, 426, 98.25100502013484], [427, 445, 99.63651120390463], [446, 480, 99.83269619100906], [481, 517, 100.48822778923335], [518, 557, 98.26785074774452], [558, 578, 99.83269619100906], [579, 724, 96.80197981560872], [725, 739, 99.23145037273292], [740, 801, 97.38487649521664], [802, 813, 100.07084325897077], [814, 833, 103.35695836367248], [834, 835, 98.59956915157755], [836, 880, 98.58409924751845], [881, 897, 98.41821998348699], [898, 945, 100.09471219471759], [946, 954, 100.07786646710791], [955, 975, 99.31698058194887], [976, 995, 98.35485227871189], [996, 999, 99.83269619100906], [1000, 1048, 233.88469555283774], [1049, 1113, 98.51302102384336], [1114, 1168, 99.83269619100906]], "S3_Peanut_C1.txt": [[0, 20, 49.73166187560316], [21, 62, 49.73166187560316], [63, 64, 49.73166187560316], [65, 91, 49.24882949486315], [92, 141, 58.698145837731815], [142, 147, 49.73166187560316], [148, 193, 48.645775998855655], [194, 194, 49.73166187560316], [195, 233, 49.73166187560316], [234, 243, 49.73166187560316], [244, 384, 48.2874918465201], [385, 411, 47.52368472005908], [412, 465, 51.74572479140842], [466, 484, 56.802696258929586], [485, 523, 106.82972299158017], [524, 546, 49.6408354495973], [547, 553, 60.30613198147147], [554, 595, 49.73166187560316], [596, 686, 22.217063357757617], [687, 753, 49.797001357936935], [754, 769, 50.38990095097597], [770, 789, 49.73166187560316], [790, 817, 59.27260832938957], [818, 827, 56.434683824199084], [828, 879, 62.57064642043194], [880, 918, 49.73166187560316], [919, 963, 75.6430257764823]], "S3_Tea_C1.txt": [[0, 19, 31.228866853788652], [20, 62, 48.1467905262255], [63, 63, 31.228866853788652], [64, 85, 31.252677700366824], [86, 114, 50.25163686383445], [115, 122, 49.94381424188127], [123, 281, 28.76621660669004], [282, 294, 31.228866853788652], [295, 315, 30.237290211680023], [316, 327, 30.23936517700586], [328, 393, 30.97794651418281], [394, 400, 31.228866853788652], [401, 489, 48.8455960418882], [490, 515, 31.228866853788652], [516, 765, 50.631182907306595], [766, 838, 31.00078375142771], [839, 866, 34.25756961594547], [867, 868, 31.228866853788652], [869, 934, 52.75212146046077], [935, 944, 31.228866853788652], [945, 1027, 30.97794651418281], [1028, 1036, 31.228866853788652], [1037, 1067, 31.252677700366824], [1068, 1081, 31.228866853788652], [1082, 1086, 31.228866853788652], [1087, 1109, 31.228866853788652], [1110, 1117, 31.228866853788652], [1118, 1148, 31.132404542707043], [1149, 1193, 32.015699304857584], [1194, 1218, 31.252677700366824], [1219, 1269, 51.405263136090376], [1270, 1358, 47.54424991006111], [1359, 1360, 31.228866853788652]]}