{"S3_Cheese_C1.txt": [[0, 18, 17038.992709362996], [19, 64, 18037.992709362996], [65, 87, 18037.992709362996], [88, 120, 18037.992709362996], [121, 138, 16097.340756547592], [139, 250, 17050.630762231907], [251, 268, 16136.125292883218], [269, 291, 18037.819874135086], [292, 318, 18038.738643790428], [319, 347, 18041.144997505984], [348, 375, 16045.087490124934], [376, 397, 18037.648183983256], [398, 511, 18035.196138891093], [512, 528, 18038.065698614908], [529, 551, 18037.992709362996], [552, 567, 16051.174016735462], [568, 571, 16047.781260431404], [572, 604, 18038.974435719858], [605, 620, 17038.47699375394], [621, 719, 18036.909277261642], [720, 737, 18038.1325413632], [738, 759, 18037.992709362996], [760, 802, 18036.400158446813], [803, 817, 16057.73018403116], [818, 854, 18037.992709362996], [855, 912, 17040.70242562302]], "S3_CofHoney_C1.txt": [[0, 16, 24027.391380040328], [17, 53, 24026.753679140696], [54, 62, 22060.482875378315], [63, 112, 24025.712787608987], [113, 148, 24027.391380040328], [149, 181, 26018.0254258459], [182, 220, 24026.753679140696], [221, 227, 23028.391380040328], [228, 236, 23027.40497835775], [237, 272, 24027.391380040328], [273, 279, 24026.40497835775], [280, 304, 25023.65057892441], [305, 337, 26017.19011126539], [338, 355, 24027.391380040328], [356, 385, 24026.443163710002], [386, 414, 24027.353572560005], [415, 432, 26017.055869890926], [433, 543, 24026.753679140696], [544, 554, 23025.024184350026], [555, 566, 24028.3125607575], [567, 587, 24025.084387515682], [588, 592, 24026.40497835775], [593, 614, 26016.563432664378], [615, 620, 22036.248471781335], [621, 654, 24025.842753930887], [655, 663, 23027.40497835775], [664, 733, 24025.54947740444], [734, 754, 24027.221717316737], [755, 778, 24026.23531563416], [779, 794, 24026.90643544891], [795, 891, 24026.753679140696]], "S3_Coffee_C1.txt": [[0, 18, 25040.420917472267], [19, 100, 25039.57178621808], [101, 118, 23104.077250072936], [119, 141, 25027.53142126663], [142, 165, 25041.245316528817], [166, 183, 25036.56784774702], [184, 225, 25037.565340456957], [226, 238, 25039.645730783435], [239, 273, 25039.162620559513], [274, 281, 23042.05461859882], [282, 312, 25040.05461859882], [313, 320, 24040.632064569287], [321, 349, 25040.75896193184], [350, 395, 25039.976857237514], [396, 425, 25040.395888327166], [426, 440, 25040.420917472267], [441, 466, 25024.695597500595], [467, 527, 25040.46754059204], [528, 573, 26067.72150525201], [574, 607, 25039.2231767539], [608, 617, 23041.976857237514], [618, 649, 25039.018346208213], [650, 677, 26039.914280021065], [678, 714, 25040.420917472267], [715, 736, 25040.05461859882], [737, 762, 25042.77850381138], [763, 793, 25039.3441408169], [794, 811, 25038.559374239805], [812, 1018, 25039.84804344937], [1019, 1034, 25042.64987298094], [1035, 1061, 25040.06338708864], [1062, 1079, 23066.263519549368], [1080, 1189, 25039.077601914672]], "S3_Hotdog_C1.txt": [[0, 15, 24002.690174460353], [16, 53, 24002.800725644483], [54, 80, 24002.690174460353], [81, 143, 24002.690174460353], [144, 184, 22028.7277011553], [185, 207, 24002.690174460353], [208, 212, 22013.60543867197], [213, 250, 24002.690174460353], [251, 263, 24002.690174460353], [264, 283, 24002.690174460353], [284, 291, 23003.690174460353], [292, 379, 24003.11490196041], [380, 471, 21005.2383369932], [472, 491, 24002.650114826414], [492, 511, 24003.189072220972], [512, 528, 24002.88225880081], [529, 532, 22014.037256984342], [533, 568, 22014.164653896085], [569, 584, 24002.690174460353], [585, 703, 24002.19154777272], [704, 709, 23002.672212043963], [710, 731, 24003.79270691087], [732, 761, 24002.800725644483], [762, 781, 22029.894411551595], [782, 807, 22014.047079503813], [808, 827, 22004.690174460353], [828, 841, 24002.690174460353], [842, 861, 23003.34181994802]], "S3_Pealate_C1.txt": [[0, 15, 24075.83269619101], [16, 71, 24075.83269619101], [72, 88, 24075.83269619101], [89, 107, 24076.580893950977], [108, 127, 24061.855671789872], [128, 144, 24074.22046437726], [145, 181, 25072.080371241376], [182, 204, 24075.83269619101], [205, 259, 24075.83269619101], [260, 285, 23077.488227789232], [286, 365, 26063.106448329574], [366, 388, 23076.869347365868], [389, 409, 24075.641016588655], [410, 425, 24074.251005020134], [426, 443, 24075.636511203902], [444, 480, 24075.83269619101], [481, 518, 25075.488227789232], [519, 561, 24074.267850747743], [562, 732, 24072.23777526901], [733, 745, 23077.471382061623], [746, 800, 24072.23777526901], [801, 816, 24076.070843258974], [817, 834, 24077.780130810388], [835, 870, 24075.87694089281], [871, 899, 24074.43506571109], [900, 949, 24076.094712194717], [950, 959, 23077.07786646711], [960, 976, 24076.40557021391], [977, 995, 24074.16556990983], [996, 1001, 24075.50499244421], [1002, 1042, 24073.923301273335], [1043, 1053, 22171.703259830403], [1054, 1168, 24075.83269619101]], "S3_Peanut_C1.txt": [[0, 18, 26023.7316618756], [19, 55, 26023.7316618756], [56, 63, 24025.7316618756], [64, 90, 26023.248829494863], [91, 96, 24033.26730170656], [97, 137, 26024.61841108619], [138, 150, 24035.905033221803], [151, 188, 26023.481223061863], [189, 199, 26023.7316618756], [200, 234, 26023.7316618756], [235, 248, 25025.80562262828], [249, 391, 26022.28749184652], [392, 409, 25023.10658139967], [410, 466, 26023.7316618756], [467, 488, 26009.463639662245], [489, 525, 24074.621376823845], [526, 547, 26023.481223061863], [548, 554, 24035.594444689763], [555, 596, 26023.7316618756], [597, 635, 27993.14310260508], [636, 668, 26025.449473550874], [669, 686, 26023.7316618756], [687, 758, 26023.7316618756], [759, 767, 25024.891274263337], [768, 792, 26023.91887341769], [793, 818, 24035.344972385905], [819, 822, 24034.86383666169], [823, 873, 26037.681706435633], [874, 938, 26025.479137196307], [939, 963, 25050.64302577648]], "S3_Tea_C1.txt": [[0, 18, 30001.22886685379], [19, 57, 28020.146790526225], [58, 72, 30001.22886685379], [73, 83, 28003.252677700366], [84, 87, 28020.122979679647], [88, 112, 28022.940967248443], [113, 124, 28021.94381424188], [125, 273, 29002.22886685379], [274, 280, 30000.595368209073], [281, 295, 30001.22886685379], [296, 315, 30000.374008779552], [316, 328, 29999.56200672266], [329, 385, 27003.977946514184], [386, 404, 30001.22886685379], [405, 547, 28021.94381424188], [548, 778, 28022.63118290731], [779, 795, 29002.22886685379], [796, 824, 29001.977946514184], [825, 837, 30001.22886685379], [838, 864, 29986.640840427848], [865, 927, 28019.34774398704], [928, 943, 30001.22886685379], [944, 1021, 29001.977946514184], [1022, 1045, 29002.406298425292], [1046, 1070, 30001.25267770037], [1071, 1079, 27004.22886685379], [1080, 1083, 29002.22886685379], [1084, 1124, 26023.799356095456], [1125, 1155, 29002.579369966403], [1156, 1190, 30001.22886685379], [1191, 1222, 30001.4019383949], [1223, 1272, 30021.40526313609], [1273, 1345, 28019.71732145117], [1346, 1360, 30001.25267770037]]}