{"S2_Cheese_C1.txt": [[0, 13, 15043.861618949251], [14, 69, 15043.663474685052], [70, 76, 14074.848303881572], [77, 104, 15048.590973095726], [105, 193, 15043.112627386936], [194, 203, 14106.118332181855], [204, 216, 13045.974688085103], [217, 233, 15043.663474685052], [234, 317, 15043.112627386936], [318, 339, 15043.68467703428], [340, 363, 15043.258009576943], [364, 375, 15043.663474685052], [376, 397, 14044.21148956131], [398, 444, 15043.545948981837], [445, 464, 15044.271974042653], [465, 479, 15043.972170133382], [480, 484, 15043.663474685052], [485, 532, 17031.2180731946], [533, 563, 15042.966851108253], [564, 633, 16044.237393836625]], "S2_CofHoney_C1.txt": [[0, 8, 26040.205027371903], [9, 41, 24050.046584043394], [42, 50, 26040.205027371903], [51, 122, 26040.205027371903], [123, 127, 24063.384862215407], [128, 158, 26039.504941882555], [159, 176, 26040.205027371903], [177, 200, 26040.325300529566], [201, 209, 25041.325300529566], [210, 214, 26039.504941882555], [215, 231, 21053.91538931389], [232, 236, 25040.504941882555], [237, 251, 26039.38466872489], [252, 285, 26037.428233871542], [286, 304, 26039.38466872489], [305, 322, 24035.392425745857], [323, 327, 26040.325300529566], [328, 354, 26039.504941882555], [355, 512, 26039.504941882555], [513, 525, 26038.744850154002], [526, 531, 26040.325300529566], [532, 550, 26038.671974357283], [551, 554, 26039.449413025126], [555, 570, 26026.8643781396], [571, 607, 28028.15604728009], [608, 615, 26039.504941882555], [616, 676, 24048.667562771447], [677, 689, 24050.766128619358], [690, 705, 26040.724503609596], [706, 720, 26039.437997334564], [721, 804, 26038.737911845215], [805, 822, 26040.205027371903]], "S2_Coffee_C1.txt": [[0, 26, 40044.07548061534], [27, 75, 40044.119871128285], [76, 98, 39044.290358399594], [99, 129, 40044.42005638308], [130, 147, 40043.500606804504], [148, 224, 40043.4773860831], [225, 236, 38074.52636449804], [237, 281, 40042.93586467302], [282, 327, 43028.21894457219], [328, 393, 45060.60023206464], [394, 410, 40044.119871128285], [411, 421, 40044.37734540746], [422, 446, 40045.58918311918], [447, 451, 40044.37734540746], [452, 480, 40043.95413573558], [481, 536, 40041.82908495983], [537, 556, 40044.88838541493], [557, 630, 44044.815636553096], [631, 652, 40058.594373587424], [653, 705, 42042.559507818245], [706, 720, 41052.024563451574], [721, 939, 43025.67222599694], [940, 947, 39043.2432536657], [948, 967, 40045.262566500474], [968, 995, 40046.94293309565], [996, 1002, 40044.119871128285], [1003, 1036, 40048.10900938661], [1037, 1058, 39089.67636470819], [1059, 1120, 43032.33334119938], [1121, 1163, 46006.07692869508], [1164, 1208, 42046.63798802691], [1209, 1264, 42078.36340700145], [1265, 1360, 45084.4258201725], [1361, 1393, 44028.75549906917], [1394, 1406, 39046.195884866385], [1407, 1410, 40044.37734540746], [1411, 1434, 41046.569836977826], [1435, 1445, 37047.21140222422], [1446, 1451, 40044.119871128285], [1452, 1487, 40048.907183045834], [1488, 1557, 40043.62097692395], [1558, 1598, 40044.74419666592], [1599, 1616, 38056.40172869394], [1617, 1655, 40097.855131106735], [1656, 1676, 40045.768097054366], [1677, 1690, 38062.80551620298], [1691, 1789, 40043.489683221225], [1790, 1813, 40043.52504702664]], "S2_Hotdog_C1.txt": [[0, 15, 17013.329885234303], [16, 57, 17012.589095283016], [58, 89, 17013.329885234303], [90, 132, 17041.50200050679], [133, 187, 17013.727473284787], [188, 208, 15064.784390006478], [209, 282, 17045.395991007885], [283, 288, 15038.270098358176], [289, 315, 17013.727473284787], [316, 320, 16014.329885234303], [321, 417, 17013.51709677639], [418, 437, 17020.299757218738], [438, 466, 17013.694134259214], [467, 491, 17015.320573619712], [492, 504, 15025.813344783795], [505, 549, 17013.727473284787], [550, 616, 17013.887085672523], [617, 641, 17013.996892799496], [642, 667, 17013.395224716638], [668, 679, 15030.394402220438], [680, 744, 17013.727473284787], [745, 810, 17013.329885234303]], "S2_Pealate_C1.txt": [[0, 19, 27046.574034551064], [20, 166, 29044.23762039184], [167, 179, 25047.88049328183], [180, 205, 27045.74166503139], [206, 211, 25056.333404619163], [212, 237, 27046.574034551064], [238, 258, 27046.574034551064], [259, 290, 27046.574034551064], [291, 336, 28045.574034551064], [337, 361, 27034.704595982443], [362, 374, 27034.704595982443], [375, 405, 26042.223038571134], [406, 531, 30059.665317689098], [532, 553, 26046.637499285152], [554, 598, 29045.34455311211], [599, 625, 27046.574034551064], [626, 652, 27046.996588580598], [653, 677, 28045.173459428253], [678, 722, 27023.17754422138], [723, 726, 27022.922293211177], [727, 745, 27037.634236424106], [746, 844, 29048.971142967042], [845, 891, 27045.908486524855], [892, 917, 27047.680485745474], [918, 927, 27046.574034551064], [928, 975, 27046.574034551064], [976, 993, 29050.45037853734], [994, 1015, 27046.30304731136], [1016, 1022, 25062.61060284005], [1023, 1094, 27061.710332938328], [1095, 1148, 27047.724096703358], [1149, 1180, 27066.719566328662]], "S2_Peanut_C1.txt": [[0, 17, 27041.673717068355], [18, 58, 27041.673717068355], [59, 86, 27041.673717068355], [87, 158, 27041.673717068355], [159, 175, 27041.673717068355], [176, 216, 27057.132899665845], [217, 229, 25074.185881752113], [230, 303, 27052.784065613872], [304, 349, 27041.673717068355], [350, 420, 28056.118493005975], [421, 760, 27041.673717068355], [761, 823, 27041.981201768103], [824, 859, 25046.2712284864], [860, 878, 27041.3909249812], [879, 918, 27040.189751751037], [919, 936, 25055.249151618737], [937, 940, 25055.786984952745], [941, 955, 25043.391319069873], [956, 963, 27041.673717068355], [964, 978, 25054.523689142086], [979, 998, 27041.673717068355], [999, 1057, 27041.27450098012], [1058, 1094, 27058.10680522794], [1095, 1209, 27058.107199316615], [1210, 1229, 27041.26375606363], [1230, 1248, 27042.38494419168], [1249, 1267, 27041.346013321556], [1268, 1276, 27041.0674938276], [1277, 1311, 27041.701493856646], [1312, 1401, 27041.6141734002], [1402, 1464, 27073.30150447844]], "S2_Tea_C1.txt": [[0, 16, 34074.36707700748], [17, 50, 32076.36707700748], [51, 70, 30099.26699576461], [71, 99, 32076.322438217005], [100, 127, 32076.58290602727], [128, 132, 32076.106609197213], [133, 381, 32076.36707700748], [382, 391, 32075.956721914077], [392, 410, 32077.094498618833], [411, 433, 30085.136467379918], [434, 437, 30086.369883308926], [438, 458, 32076.36707700748], [459, 534, 32074.197023694345], [535, 546, 32076.36707700748], [547, 677, 35063.16372001683], [678, 699, 34074.36707700748], [700, 869, 32075.11964332453], [870, 900, 31076.11964332453], [901, 925, 32076.36707700748], [926, 932, 30087.55349024716], [933, 953, 30079.62211528981], [954, 971, 32076.36707700748], [972, 1020, 32076.36707700748], [1021, 1030, 30078.36707700748], [1031, 1050, 32076.36707700748], [1051, 1055, 32076.36707700748], [1056, 1094, 32076.36707700748], [1095, 1114, 29079.471637202965], [1115, 1120, 32076.36707700748], [1121, 1149, 32076.36707700748], [1150, 1159, 32076.36707700748], [1160, 1180, 34074.36707700748], [1181, 1214, 32076.156383655307], [1215, 1239, 32076.36707700748], [1240, 1254, 32109.779602412807], [1255, 1382, 32076.36707700748], [1383, 1411, 32075.11964332453]]}