{"S2_Cheese_C1.txt": [[0, 9, 58.66347468505234], [10, 64, 59.53547816624461], [65, 70, 58.66347468505234], [71, 104, 88.76801128589977], [105, 109, 58.66347468505234], [110, 169, 58.112627386936865], [170, 196, 60.59316929027671], [197, 216, 74.69882204839254], [217, 236, 58.66347468505234], [237, 251, 58.112627386936865], [252, 329, 59.34497451317749], [330, 331, 58.66347468505234], [332, 344, 58.61933755194697], [345, 360, 58.538263724032454], [361, 371, 58.80885687505967], [372, 398, 58.42767230053489], [399, 442, 58.625816564734556], [443, 443, 58.66347468505234], [444, 458, 59.271974042654385], [459, 474, 58.112627386936865], [475, 481, 58.66347468505234], [482, 528, 48.21807319459864], [529, 533, 58.4237471955522], [534, 579, 65.02284913075593], [580, 633, 59.18277513232881]], "S2_CofHoney_C1.txt": [[0, 6, 65.5049418825499], [7, 38, 74.76612861935787], [39, 47, 66.20502737190394], [48, 66, 72.66726553084222], [67, 68, 65.5049418825499], [69, 121, 66.32530052956372], [122, 130, 87.38486221540822], [131, 150, 65.5049418825499], [151, 177, 66.20502737190394], [178, 198, 66.32530052956372], [199, 211, 66.32530052956372], [212, 227, 74.91538931389094], [228, 228, 65.5049418825499], [229, 239, 65.5049418825499], [240, 256, 65.9925940769142], [257, 278, 66.26293596492752], [279, 298, 63.38267946505578], [299, 302, 65.38466872489012], [303, 320, 59.20681310586327], [321, 323, 66.19769497443481], [324, 344, 64.86625601193529], [345, 349, 65.5049418825499], [350, 519, 63.92449150698909], [520, 522, 65.5049418825499], [523, 532, 61.48483630633277], [533, 549, 74.59626024706148], [550, 551, 66.70429757075253], [552, 567, 52.041578070939046], [568, 612, 56.15604728008528], [613, 620, 65.5049418825499], [621, 671, 74.76612861935787], [672, 677, 62.833502011737984], [678, 689, 74.76612861935787], [690, 702, 66.72450360959117], [703, 711, 63.43767618876176], [712, 801, 64.86512331166269], [802, 822, 65.43799733456285]], "S2_Coffee_C1.txt": [[0, 22, 84.07548061534615], [23, 75, 84.1198711282837], [76, 91, 84.37670491741633], [92, 129, 84.1198711282837], [130, 142, 84.1198711282837], [143, 223, 83.66878927559122], [224, 236, 112.21143537782532], [237, 284, 83.0691611913547], [285, 308, 70.8408423052316], [309, 395, 88.00505830489116], [396, 396, 84.377345407457], [397, 417, 83.75744059363754], [418, 423, 84.377345407457], [424, 439, 85.27114309746779], [440, 464, 84.69474493912494], [465, 470, 84.377345407457], [471, 539, 98.52507197017154], [540, 573, 84.49187321618136], [574, 611, 82.86332019906106], [612, 659, 96.21736370879157], [660, 708, 81.14997171946548], [709, 736, 91.38747925632552], [737, 939, 68.92970027611032], [940, 948, 82.24325366570366], [949, 973, 85.33213047997697], [974, 996, 86.38269470387885], [997, 999, 84.377345407457], [1000, 1040, 85.76909302125097], [1041, 1057, 123.81034396210443], [1058, 1261, 49.92999169188549], [1262, 1356, 129.21917976836212], [1357, 1391, 72.27652541866668], [1392, 1413, 85.29538509540139], [1414, 1444, 88.08840784590708], [1445, 1482, 89.93182696957481], [1483, 1504, 83.9067560834458], [1505, 1528, 84.16709700255063], [1529, 1600, 84.30886317018525], [1601, 1615, 84.66013749461457], [1616, 1645, 84.91223983125535], [1646, 1681, 131.55429016108837], [1682, 1694, 84.49663591232415], [1695, 1784, 83.48968322122255], [1785, 1813, 83.5250470266406]], "S2_Hotdog_C1.txt": [[0, 14, 30.329885234304513], [15, 56, 29.58909528301548], [57, 91, 30.151809968391987], [92, 186, 37.87542757301976], [187, 206, 40.647844717240204], [207, 258, 58.86656014741318], [259, 282, 29.77224042341335], [283, 286, 30.329885234304513], [287, 322, 30.727473284785773], [323, 325, 30.329885234304513], [326, 406, 30.517096776392655], [407, 407, 30.329885234304513], [408, 444, 37.46158589629495], [445, 463, 30.24216561504211], [464, 464, 30.329885234304513], [465, 488, 36.54111574988901], [489, 532, 43.30000009379207], [533, 554, 30.727473284785773], [555, 610, 30.88708567252298], [611, 637, 30.717531158650118], [638, 639, 30.489497622041718], [640, 668, 30.72629964847009], [669, 674, 30.432675740711645], [675, 727, 30.727473284785773], [728, 810, 30.88708567252298]], "S2_Pealate_C1.txt": [[0, 17, 73.57403455106575], [18, 95, 73.80816525030957], [96, 100, 73.57403455106575], [101, 173, 111.14235665417684], [174, 179, 73.57403455106575], [180, 204, 72.74166503139088], [205, 213, 81.333404619166], [214, 231, 73.57403455106575], [232, 259, 73.57403455106575], [260, 289, 73.57403455106575], [290, 332, 73.02546859931685], [333, 358, 63.8802424781514], [359, 361, 72.68951511976925], [362, 376, 61.70459598244035], [377, 418, 69.49414878412853], [419, 539, 81.09147982217299], [540, 540, 73.57403455106575], [541, 557, 73.99658858059843], [558, 558, 73.57403455106575], [559, 596, 73.99658858059843], [597, 623, 73.57403455106575], [624, 652, 73.99658858059843], [653, 667, 71.45946132033056], [668, 714, 71.11243874034912], [715, 726, 49.77382085637947], [727, 746, 63.79570705353761], [747, 841, 84.37492192947774], [842, 854, 73.57403455106575], [855, 878, 73.57403455106575], [879, 896, 72.90848652485676], [897, 922, 74.68048574547566], [923, 926, 73.57403455106575], [927, 975, 73.57403455106575], [976, 983, 71.68221078296978], [984, 996, 77.50282773318011], [997, 1015, 73.30304731136343], [1016, 1022, 87.61060284004878], [1023, 1088, 89.88058182492449], [1089, 1099, 73.38755072858055], [1100, 1159, 83.09264686797147], [1160, 1180, 73.56439044670799]], "S2_Peanut_C1.txt": [[0, 16, 68.67371706835897], [17, 55, 68.67371706835897], [56, 57, 68.67371706835897], [58, 170, 68.3909249812014], [171, 183, 68.67371706835897], [184, 220, 140.0699868805067], [221, 229, 97.85377365213105], [230, 299, 79.7840656138747], [300, 338, 68.67371706835897], [339, 394, 93.399822336325], [395, 398, 68.67371706835897], [399, 529, 68.67411115703402], [530, 533, 68.67371706835897], [534, 592, 68.67371706835897], [593, 754, 68.67371706835897], [755, 782, 68.67371706835897], [783, 914, 107.32717754788035], [915, 937, 78.31038734429579], [938, 940, 80.786984952745], [941, 961, 68.39131906987645], [962, 1008, 68.39131906987645], [1009, 1047, 68.67411115703402], [1048, 1100, 80.41609698057458], [1101, 1206, 83.19799138947899], [1207, 1236, 67.90219113439873], [1237, 1258, 70.01883692507076], [1259, 1271, 67.6567446455235], [1272, 1272, 68.67371706835897], [1273, 1308, 71.144034224671], [1309, 1359, 69.88891734281228], [1360, 1464, 132.8575656934948]], "S2_Tea_C1.txt": [[0, 16, 108.36707700747677], [17, 46, 108.36707700747677], [47, 70, 129.26699576461135], [71, 98, 108.32243821700395], [99, 101, 108.36707700747677], [102, 125, 108.36707700747677], [126, 145, 108.10660919720935], [146, 383, 108.36707700747677], [384, 391, 107.95672191407441], [392, 411, 109.09449861883247], [412, 432, 114.80549795679455], [433, 438, 116.80676739664702], [439, 461, 114.95858328363626], [462, 527, 107.21519918666434], [528, 545, 104.71922321877132], [546, 550, 110.72033348980258], [551, 650, 122.13454294380516], [651, 688, 67.84749101083234], [689, 877, 107.11964332452952], [878, 901, 107.11964332452952], [902, 926, 108.36707700747677], [927, 929, 108.36707700747677], [930, 960, 109.62211528980951], [961, 969, 108.36707700747677], [970, 1025, 108.58290602727136], [1026, 1058, 107.11964332452952], [1059, 1093, 108.36707700747677], [1094, 1096, 108.36707700747677], [1097, 1117, 108.36707700747677], [1118, 1118, 108.36707700747677], [1119, 1151, 108.36707700747677], [1152, 1165, 108.36707700747677], [1166, 1176, 108.36707700747677], [1177, 1208, 108.15638365530683], [1209, 1240, 108.05642478222991], [1241, 1249, 108.39480605802024], [1250, 1374, 108.36707700747677], [1375, 1411, 107.11964332452952]]}