{"S1_Cheese_C1.txt": [[0, 8, 16142.062786994813], [9, 78, 16141.913649349515], [79, 98, 16144.225425093357], [99, 170, 16142.062786994813], [171, 276, 16087.484897253744], [277, 305, 16144.065197763966], [306, 335, 16149.603031834036], [336, 341, 14150.414684854475], [342, 379, 15145.065197763966], [380, 471, 15145.895905120493], [472, 493, 16142.082958223798], [494, 517, 16142.062786994813], [518, 533, 16129.083837432478], [534, 540, 16141.312875489088], [541, 580, 15143.071555484634], [581, 585, 16142.062786994813], [586, 648, 16141.151451660988], [649, 653, 16142.062786994813], [654, 668, 16142.873323122354], [669, 695, 16141.429288350097], [696, 701, 14152.297240096585], [702, 749, 16138.478456364575], [750, 784, 16143.027324367624], [785, 942, 16141.098652574548]], "S1_CofHoney_C1.txt": [[0, 16, 25047.680412191134], [17, 51, 25046.80995465858], [52, 86, 24079.91746289079], [87, 110, 25046.65848807443], [111, 148, 25048.875698257732], [149, 170, 24068.30508650637], [171, 219, 25046.29423904952], [220, 258, 25049.624990746303], [259, 312, 26045.055052494128], [313, 335, 22050.5893827925], [336, 339, 24047.65848807443], [340, 373, 22050.755276557917], [374, 393, 25045.849230783057], [394, 409, 23049.680412191134], [410, 475, 25043.364317808184], [476, 502, 25045.70168612273], [503, 534, 25046.253417055], [535, 562, 25047.28279746705], [563, 568, 25046.65848807443], [569, 722, 25047.93758033168], [723, 737, 25049.030032769453], [738, 757, 25046.453776276983], [758, 779, 23050.200323111167], [780, 802, 25046.43764784984], [803, 828, 25046.45502206371], [829, 843, 25045.204236564146], [844, 931, 24048.6150727088], [932, 938, 25047.17420368349], [939, 956, 25050.6867815638], [957, 982, 25047.202147606145], [983, 991, 25047.14660452914], [992, 1191, 25049.48040889618], [1192, 1234, 25048.42659718915]], "S1_Coffee_C1.txt": [[0, 10, 28035.12522207913], [11, 41, 29033.92400814923], [42, 66, 27051.127691490143], [67, 90, 29033.54125221018], [91, 134, 29025.73101540565], [135, 144, 27058.807612229608], [145, 210, 29033.569467938447], [211, 230, 27034.884583997315], [231, 272, 30032.37512346819], [273, 283, 29033.54125221018], [284, 287, 29033.54125221018], [288, 297, 30032.54125221018], [298, 325, 30033.051733311022], [326, 347, 27035.448612236298], [348, 370, 28035.143427612533], [371, 411, 31032.051733311022], [412, 430, 29033.872834461505], [431, 436, 27041.442266239857], [437, 458, 29033.872834461505], [459, 499, 29032.309196249178], [500, 524, 28034.140677087365], [525, 564, 29033.213548463376], [565, 575, 31031.54125221018], [576, 580, 28034.54125221018], [581, 613, 28034.140677087365], [614, 630, 31031.54125221018], [631, 647, 29034.991836343415], [648, 692, 29034.245484189883], [693, 719, 29033.54125221018], [720, 741, 29034.525417003028], [742, 764, 29032.645990942478], [765, 775, 29032.68265458489], [776, 919, 30033.255590400557], [920, 923, 28034.54125221018], [924, 943, 28036.89876705699], [944, 969, 30035.99563933347], [970, 981, 29033.52242154565], [982, 1095, 31032.978394895792], [1096, 1177, 28035.734192633856]], "S1_Hotdog_C1.txt": [[0, 15, 16011.215294108628], [16, 64, 16011.215294108628], [65, 79, 16010.754236603143], [80, 126, 16010.754236603143], [127, 150, 14029.676698458443], [151, 175, 16011.215294108628], [176, 205, 15020.992051491698], [206, 328, 16012.13608073712], [329, 346, 16012.622337471708], [347, 363, 16011.215294108628], [364, 387, 16010.753645720837], [388, 393, 14019.180583429777], [394, 426, 16011.620365128061], [427, 432, 16011.215294108628], [433, 469, 16011.115801532376], [470, 490, 16010.90024919503], [491, 525, 16010.397744002868], [526, 542, 16021.324714303046], [543, 640, 16046.604902144427], [641, 717, 17011.242012975395]], "S1_Pealate_C1.txt": [[0, 11, 26077.189838902486], [12, 60, 24091.69576984865], [61, 65, 24185.22074597693], [66, 87, 26077.10074834944], [88, 108, 26064.493103266275], [109, 119, 24215.548929201763], [120, 217, 24093.361960659437], [218, 231, 26168.959533666937], [232, 290, 24094.782702618773], [291, 369, 26075.915812201052], [370, 452, 26076.04713280688], [453, 469, 26168.959533666937], [470, 506, 26169.512697203627], [507, 525, 26076.42122014639], [526, 542, 27064.96167688859], [543, 579, 26074.498960853853], [580, 607, 26168.969356186408], [608, 637, 26168.42281248004], [638, 652, 26168.959533666937], [653, 805, 26102.158869407704], [806, 839, 27076.637469536337], [840, 909, 27086.45276509562], [910, 926, 26077.637469536337], [927, 941, 30040.45192967687], [942, 994, 28055.47584683203], [995, 1016, 26077.29494126304], [1017, 1087, 28100.002017172155], [1088, 1101, 25078.29494126304], [1102, 1151, 26076.777231497046], [1152, 1160, 26170.116504929767], [1161, 1224, 26168.811746909687], [1225, 1238, 24172.282716813617], [1239, 1341, 26077.637469536337], [1342, 1383, 26168.959533666937]], "S1_Peanut_C1.txt": [[0, 18, 20155.02327275608], [19, 83, 20155.02327275608], [84, 97, 18203.99435618434], [98, 127, 20155.02327275608], [128, 187, 20157.695950260084], [188, 220, 20157.27669652672], [221, 248, 20155.30218633871], [249, 285, 20154.42218781649], [286, 370, 20155.02327275608], [371, 392, 20154.09715950473], [393, 774, 20156.100341476227], [775, 841, 22180.693451944804], [842, 872, 20155.153048693413], [873, 909, 18206.02205589508], [910, 1004, 22120.382236483627], [1005, 1025, 20166.27252777088], [1026, 1030, 18162.327147405023], [1031, 1056, 20154.09715950473], [1057, 1085, 20147.31829581639], [1086, 1121, 20154.09715950473], [1122, 1366, 20154.7444177813], [1367, 1376, 20154.75267960505], [1377, 1398, 20155.338317669677], [1399, 1427, 20155.63295470271], [1428, 1477, 22172.017600967225], [1478, 1600, 20156.161805531043], [1601, 1642, 20177.64432664621]], "S1_Tea_C1.txt": [[0, 13, 40217.74488736788], [14, 47, 39215.21771558348], [48, 72, 43221.66832634637], [73, 94, 39217.37097267297], [95, 123, 42207.61291221188], [124, 136, 39218.096378977796], [137, 317, 40204.17617838767], [318, 321, 39218.096378977796], [322, 335, 41216.27205903889], [336, 354, 41216.156335894324], [355, 388, 40212.1284556718], [389, 401, 42213.316468476216], [402, 433, 42212.038951273185], [434, 451, 40253.15710630206], [452, 500, 43228.00954213878], [501, 717, 40067.617500168206], [718, 739, 39218.74488736788], [740, 751, 37220.74488736788], [752, 784, 44213.74488736788], [785, 834, 39218.096378977796], [835, 854, 39218.74488736788], [855, 865, 41216.096378977796], [866, 881, 38219.74488736788], [882, 1002, 40233.48323250097], [1003, 1029, 42215.74488736788], [1030, 1040, 40217.096378977796], [1041, 1108, 46207.118722727544], [1109, 1137, 41216.21665213545], [1138, 1396, 41240.97063588759], [1397, 1433, 44236.877810225094], [1434, 1459, 42213.064598780344], [1460, 1510, 45205.34825130349], [1511, 1536, 41205.873391101886], [1537, 1552, 39215.75289528826], [1553, 1579, 41206.28762469981], [1580, 1615, 42216.799008566915], [1616, 1623, 42215.096378977796], [1624, 1640, 38219.74488736788], [1641, 1667, 38218.34009755542], [1668, 1681, 40217.096378977796], [1682, 1708, 38219.12589861585], [1709, 1741, 41216.865160525536], [1742, 1783, 41214.96984929677], [1784, 1797, 42216.18265146322], [1798, 1923, 42237.10231914879], [1924, 2008, 42204.873391101886]]}