{"S1_Cheese_C1.txt": [[0, 11, 158.06278699481146], [12, 70, 158.06278699481146], [71, 98, 160.97303358386242], [99, 170, 158.06278699481146], [171, 267, 92.51728910022948], [268, 302, 160.0651977639652], [303, 304, 158.06278699481146], [305, 327, 169.89923348716627], [328, 348, 164.1571782523162], [349, 369, 158.06278699481146], [370, 378, 158.06278699481146], [379, 468, 160.8959051204939], [469, 489, 158.0829582237989], [490, 514, 158.39959748200073], [515, 530, 145.08383743247782], [531, 535, 156.62012239720173], [536, 583, 157.92241783933554], [584, 586, 158.06278699481146], [587, 648, 157.15145166098583], [649, 658, 158.06278699481146], [659, 679, 157.75988909142077], [680, 693, 158.06278699481146], [694, 698, 167.1518411095588], [699, 747, 153.81555734653952], [748, 789, 160.16164998169768], [790, 942, 157.3587354926501]], "S1_CofHoney_C1.txt": [[0, 17, 72.65472227483203], [18, 47, 71.80995465858126], [48, 86, 103.91746289079379], [87, 106, 72.61507270880298], [107, 140, 80.36671512653332], [141, 158, 73.30338277209681], [159, 212, 70.70521286745846], [213, 251, 71.87115489976192], [252, 309, 71.12039197646259], [310, 312, 71.65848807443393], [313, 334, 72.58938279249824], [335, 339, 71.65848807443393], [340, 374, 72.21000168936988], [375, 375, 71.65848807443393], [376, 392, 70.87492069936383], [393, 410, 71.89684481606666], [411, 475, 67.64327079009773], [476, 502, 70.70168612273471], [503, 510, 71.65848807443393], [511, 532, 71.63279815812919], [533, 557, 72.16926881672259], [558, 562, 72.62969412378412], [563, 710, 72.1914303447204], [711, 729, 73.18889475996292], [730, 756, 72.30622181903787], [757, 783, 72.78799854237646], [784, 801, 71.63279815812919], [802, 802, 71.65848807443393], [803, 828, 71.45502206370689], [829, 832, 71.03100217010574], [833, 926, 70.60833340744804], [927, 930, 71.65848807443393], [931, 955, 75.38098666588556], [956, 976, 72.17420368349411], [977, 995, 161.5738996226516], [996, 1196, 73.76218100344782], [1197, 1234, 72.98572816384375]], "S1_Coffee_C1.txt": [[0, 12, 63.1252220791328], [13, 39, 62.92400814923463], [40, 64, 78.12769149014697], [65, 85, 62.720151059699674], [86, 124, 83.00459224551842], [125, 144, 85.55658384101095], [145, 204, 62.569467938448774], [205, 235, 61.88458399731684], [236, 275, 62.37512346819575], [276, 277, 62.5412522101832], [278, 291, 82.0073105717612], [292, 295, 62.5412522101832], [296, 322, 63.051733311026695], [323, 340, 62.448612236301855], [341, 368, 63.49854036127465], [369, 412, 63.406846059763936], [413, 433, 68.0896517988892], [434, 436, 61.76591782953001], [437, 458, 62.87283446151021], [459, 486, 63.56383987144768], [487, 518, 62.86901106484041], [519, 561, 62.2544615699244], [562, 576, 62.5412522101832], [577, 580, 62.5412522101832], [581, 613, 62.14067708736917], [614, 624, 62.5412522101832], [625, 654, 64.45694998737075], [655, 698, 62.844909067073374], [699, 717, 61.70118925118126], [718, 719, 62.5412522101832], [720, 736, 63.03352163450792], [737, 737, 62.5412522101832], [738, 764, 62.09154240027728], [765, 771, 61.68265458489161], [772, 914, 62.671956705275], [915, 918, 62.152088126599345], [919, 938, 66.23030286756727], [939, 960, 65.56971672578649], [961, 978, 63.38565653702453], [979, 1086, 63.978394895794096], [1087, 1177, 63.734192633856]], "S1_Hotdog_C1.txt": [[0, 15, 27.21529410862791], [16, 60, 27.21529410862791], [61, 81, 27.201867236994737], [82, 120, 26.75423660314283], [121, 142, 27.201867236994737], [143, 152, 27.21529410862791], [153, 169, 27.21529410862791], [170, 194, 40.23764570279823], [195, 196, 27.21529410862791], [197, 330, 28.708954760021342], [331, 331, 27.21529410862791], [332, 345, 27.731009717688092], [346, 365, 26.75423660314283], [366, 383, 27.60634737412303], [384, 392, 32.235442720269866], [393, 424, 27.731009717688092], [425, 435, 26.75423660314283], [436, 471, 27.987214131263194], [472, 482, 27.21529410862791], [483, 512, 25.96678596199925], [513, 524, 26.004355144149777], [525, 592, 35.45206751474464], [593, 717, 27.98193005729394]], "S1_Pealate_C1.txt": [[0, 20, 103.18983890248535], [21, 54, 103.63746953633728], [55, 70, 209.22074597693552], [71, 86, 103.63916373359737], [87, 104, 90.49310326627506], [105, 119, 237.72127274422277], [120, 209, 117.36196065943884], [210, 232, 194.95953366693843], [233, 288, 117.90850436580692], [289, 304, 194.95953366693843], [305, 454, 101.28830009965833], [455, 470, 194.95953366693843], [471, 503, 195.5126972036282], [504, 530, 107.03064838294179], [531, 541, 108.61525043943558], [542, 542, 103.63746953633728], [543, 573, 100.45471615205236], [574, 604, 195.02062409634584], [605, 635, 194.42281248004286], [636, 661, 194.95953366693843], [662, 816, 127.21687356151708], [817, 841, 108.9830373188318], [842, 910, 113.45276509562115], [911, 925, 103.63746953633728], [926, 936, 70.45192967687161], [937, 974, 70.72082235048234], [975, 1012, 102.62639202431012], [1013, 1075, 128.0020171721545], [1076, 1109, 118.56741871013024], [1110, 1126, 103.29494126303902], [1127, 1139, 103.63746953633728], [1140, 1160, 194.95953366693843], [1161, 1216, 205.97212868231207], [1217, 1218, 103.63746953633728], [1219, 1326, 199.6867931883798], [1327, 1383, 103.63746953633728]], "S1_Peanut_C1.txt": [[0, 22, 175.0232727560804], [23, 75, 175.0232727560804], [76, 95, 220.88613315189662], [96, 125, 175.35724533470392], [126, 128, 174.40755418881622], [129, 184, 177.92251651867417], [185, 223, 177.27669652672094], [224, 265, 174.0971595047337], [266, 278, 175.0232727560804], [279, 359, 175.0232727560804], [360, 379, 175.0232727560804], [380, 773, 176.10034147622966], [774, 849, 203.42319644586615], [850, 877, 174.2269354420696], [878, 905, 176.79890654125003], [906, 996, 141.9697357911473], [997, 1034, 184.42548738144114], [1035, 1046, 175.885227545189], [1047, 1055, 175.34830106783997], [1056, 1077, 167.3182958163942], [1078, 1109, 173.7409370831146], [1110, 1360, 174.74441778130202], [1361, 1375, 174.75267960505317], [1376, 1399, 174.6649599857908], [1400, 1422, 175.0232727560804], [1423, 1432, 165.75217442005263], [1433, 1473, 171.55057009964392], [1474, 1549, 175.50400921974642], [1550, 1642, 212.39753664747656]], "S1_Tea_C1.txt": [[0, 10, 257.0963789777955], [11, 51, 254.75289528826173], [52, 68, 244.9258277521024], [69, 89, 253.53594461006384], [90, 120, 249.61291221188264], [121, 304, 245.49510779470432], [305, 318, 253.35730196033575], [319, 336, 258.0300531212669], [337, 351, 257.0963789777955], [352, 356, 256.4977358093579], [357, 386, 251.9541022846538], [387, 462, 264.3312642489713], [463, 486, 257.1242871883826], [487, 496, 45.840284292486785], [497, 711, 71.40604182080736], [712, 753, 247.3018009646503], [754, 1399, 284.54521858750763], [1400, 1419, 257.0963789777955], [1420, 1446, 245.1212573885991], [1447, 1456, 254.84221481888767], [1457, 1491, 262.21260851862644], [1492, 1537, 263.09841293210627], [1538, 1563, 255.48935458534535], [1564, 1579, 257.7448873678826], [1580, 1619, 258.45166466609373], [1620, 1639, 257.7448873678826], [1640, 1640, 257.0963789777955], [1641, 1669, 256.3400975554242], [1670, 1681, 257.0963789777955], [1682, 1709, 257.6731820432528], [1710, 1742, 257.60018762214736], [1743, 1781, 255.55561569884], [1782, 1795, 257.5341430731338], [1796, 1929, 284.7097707823538], [1930, 2008, 246.87339110188563]]}